{
  "project_info": {
    "project_number": "174104679560",
    "project_id": "food-c763f",
    "storage_bucket": "food-c763f.appspot.com"
  },
  "client": [
    {
      "client_info": {
        "mobilesdk_app_id": "1:174104679560:android:2baaae5961b9caea7dbb3d",
        "android_client_info": {
          "package_name": "com.example.myhw"
        }
      },
      "oauth_client": [
        {
          "client_id": "174104679560-au1v73rbrfkfka4e4k7g3m8gftbrmide.apps.googleusercontent.com",
          "client_type": 3
        }
      ],
      "api_key": [
        {
          "current_key": "AIzaSyAmjXsA-66tZ6Bwjoy5_rBmsY7wLIympJ0"
        }
      ],
      "services": {
        "appinvite_service": {
          "other_platform_oauth_client": [
            {
              "client_id": "174104679560-au1v73rbrfkfka4e4k7g3m8gftbrmide.apps.googleusercontent.com",
              "client_type": 3
            }
          ]
        }
      }
    }
  ],
  "configuration_version": "1"
}