{
  "project_info": {
    "project_number": "982299668249",
    "project_id": "food-61a8c",
    "storage_bucket": "food-61a8c.appspot.com"
  },
  "client": [
    {
      "client_info": {
        "mobilesdk_app_id": "1:982299668249:android:493ac11bd7f7a4cb695f88",
        "android_client_info": {
          "package_name": "com.example.myhw"
        }
      },
      "oauth_client": [
        {
          "client_id": "982299668249-1du6uv3o1p0ok054utjbesgrasp6cnmf.apps.googleusercontent.com",
          "client_type": 1,
          "android_info": {
            "package_name": "com.example.myhw",
            "certificate_hash": "32f16dd75c0e126b6fa6c7441964aa8f76d8e4a7"
          }
        },
        {
          "client_id": "982299668249-25ak1hbtptitgmkmp9kpemdcjudvnmrl.apps.googleusercontent.com",
          "client_type": 3
        }
      ],
      "api_key": [
        {
          "current_key": "AIzaSyC-qlvX9zYSoXLY_U2kwveaQ9dHGaJBuVA"
        }
      ],
      "services": {
        "appinvite_service": {
          "other_platform_oauth_client": [
            {
              "client_id": "982299668249-25ak1hbtptitgmkmp9kpemdcjudvnmrl.apps.googleusercontent.com",
              "client_type": 3
            }
          ]
        }
      }
    }
  ],
  "configuration_version": "1"
}